<keymap version="1" name="Windows copy" parent="$default">
  <action id="EditorPaste">
    <keyboard-shortcut first-keystroke="shift insert" />
    <keyboard-shortcut first-keystroke="shift ctrl v" />
  </action>
  <action id="EditorPasteSimple">
    <keyboard-shortcut first-keystroke="shift ctrl v" />
  </action>
  <action id="JupyterEditorPasteAction">
    <keyboard-shortcut first-keystroke="shift ctrl v" />
  </action>
  <action id="JupyterNotebookPasteCellAboveCommandModeAction">
    <keyboard-shortcut first-keystroke="shift v" />
  </action>
  <action id="OpenInRightSplit">
    <keyboard-shortcut first-keystroke="shift enter" />
    <mouse-shortcut keystroke="alt button1 doubleClick" />
    <keyboard-shortcut first-keystroke="ctrl v" />
  </action>
  <action id="PasteMultiple">
    <keyboard-shortcut first-keystroke="shift ctrl insert" />
    <keyboard-shortcut first-keystroke="shift ctrl alt v" />
  </action>
  <action id="Terminal.Paste">
    <keyboard-shortcut first-keystroke="shift insert" />
    <keyboard-shortcut first-keystroke="shift ctrl v" />
  </action>
  <action id="com.mituuz.fuzzier.util.MoveDownAction">
    <keyboard-shortcut first-keystroke="down" />
  </action>
  <action id="com.mituuz.fuzzier.util.MoveUpAction">
    <keyboard-shortcut first-keystroke="up" />
  </action>
  <action id="me.laria.code.idea_caseconv.PascalCaseAction">
    <keyboard-shortcut first-keystroke="shift ctrl q" />
  </action>
</keymap>