<application>
  <component name="DimensionService">
    <size key="GridCell.Tab.0.left.0.0.2560.1440" width="2478" height="398" />
    <size key="GridCell.Tab.0.center.0.0.2560.1440" width="2478" height="398" />
    <size key="GridCell.Tab.0.right.0.0.2560.1440" width="2478" height="398" />
    <size key="GridCell.Tab.0.bottom.0.0.2560.1440" width="2478" height="398" />
    <size key="FuzzySearchPopup_2560_1440_0_0.0.0.2560.1440" width="1400" height="800" />
    <size key="GridCell.Tab.0.left.0.0.2560.1440@120dpi" width="2478" height="550" />
    <size key="GridCell.Tab.0.center.0.0.2560.1440@120dpi" width="2478" height="550" />
    <size key="GridCell.Tab.0.right.0.0.2560.1440@120dpi" width="2478" height="550" />
    <size key="GridCell.Tab.0.bottom.0.0.2560.1440@120dpi" width="2478" height="550" />
  </component>
  <component name="WindowManager">
    <frame x="-8" y="0" width="2576" height="1408" extendedState="6" />
  </component>
  <component name="WindowStateApplicationService">
    <state x="1060" y="319" key="FileChooserDialogImpl" timestamp="1739372138169">
      <screen x="0" y="0" width="2560" height="1392" />
    </state>
    <state x="1060" y="319" key="FileChooserDialogImpl/0.0.2560.1392" timestamp="1739372138169" />
    <state x="580" y="296" width="1400" height="839" key="FuzzyGrepCaseInsensitivePopup_2560_1440_0_0" timestamp="1746846159155">
      <screen x="0" y="0" width="2560" height="1392" />
    </state>
    <state x="580" y="296" width="1400" height="839" key="FuzzyGrepCaseInsensitivePopup_2560_1440_0_0/0.0.2560.1392" timestamp="1746846159155" />
    <state x="577" y="297" width="1400" height="836" key="FuzzyGrepPopup_2560_1440_0_0" timestamp="1746845667813">
      <screen x="0" y="0" width="2560" height="1392" />
    </state>
    <state x="577" y="297" width="1400" height="836" key="FuzzyGrepPopup_2560_1440_0_0/0.0.2560.1392" timestamp="1746845667813" />
    <state x="580" y="296" width="1400" height="800" key="FuzzySearchPopup_2560_1440_0_0" timestamp="1746851276806">
      <screen x="0" y="0" width="2560" height="1392" />
    </state>
    <state x="580" y="296" width="1400" height="800" key="FuzzySearchPopup_2560_1440_0_0/0.0.2560.1392" timestamp="1746851276806" />
    <state width="801" height="342" key="ShowUsagesActions.dimensionServiceKey" timestamp="1746956039018">
      <screen x="0" y="0" width="2560" height="1392" />
    </state>
    <state width="801" height="342" key="ShowUsagesActions.dimensionServiceKey/0.0.2560.1392" timestamp="1746956039018" />
    <state width="300" height="524" key="manage.recent.projects.popup" timestamp="1746810288385">
      <screen x="0" y="0" width="2560" height="1392" />
    </state>
    <state width="300" height="524" key="manage.recent.projects.popup/0.0.2560.1392" timestamp="1746810288385" />
  </component>
</application>